{"muon": [0.9898393632918586, -0.09600216359604943, 0.060647698121350756, 0.373380130772111], "em": [0.9801295598013547, 0.02787080353733738, 0.3418167446946523, -0.55429550194579], "em_mu": [0.9823444818168746, -0.11096225349139414, 0.20370899357189476, 0.3265226893599135], "em_had": [0.9669848289811456, -0.12902154997697857, 0.5690471558581525, 0.2730862268764464]}