{"muon": 1, "em": -0.01686200285280033, "em_mu": 1.006141487118274, "em_had": 1.3969915412147116}