{"muon": {"lgSref": [1.3384748292506725, 0.9330109098035173], "DXmax": [336.5919268643852, 0], "lam": [440.6818456075197, 0]}, "em": {"lgSref": [0.8358494599587027, 0.9849804584570313], "DXmax": [167.92243875620534, 0], "lam": [82.63865365562212, 9.117459824895418]}, "em_mu": {"lgSref": [0.5929200671207546, 0.9250664349677189], "DXmax": [277.60259875123376, 0], "lam": [375.50655272997375, 0]}, "em_had": {"lgSref": [0.73637808541468, 0.9216127922804305], "DXmax": [40.84891285623796, 0], "lam": [87.73194021428662, 9.480338776654643]}}