{
    "muon_wcd": [
        2.2131790411281282e-05,
        1.8078492596942097,
        0.30920726906267576,
        0.04716192424808797,
        317.08715203604294,
        733.45100976249
    ],
    "muon_ssd": [
        0.03377917449669553,
        2.234994116188547,
        -0.7629474692805043,
        -0.009999999999999998,
        10.226491984786131,
        87.69685044659788
    ],
    "electron_wcd": [
        4.6766305500619444e-05,
        2.5381219774966106,
        0.9859828629619374,
        0.6362888923328047,
        15.389712542430182,
        422.88017144484775
    ],
    "electron_ssd": [
        0.14200973294798697,
        2.0617749667874508,
        -0.23877389755269915,
        0.0009363143516944885,
        3.2235622243403257,
        12.797753208379362
    ],
    "photon_wcd": [
        0.001107327497203932,
        1.2976389362979983,
        0.8412074220663662,
        0.5162237326610761,
        31.758137991558172,
        1008.1258289875876
    ],
    "photon_ssd": [
        0.015821438598440204,
        0.7428217913577784,
        -0.8098364441690123,
        0.027515964931174572,
        4.193370033355776,
        9.592940155910256
    ]
}